t;"counter Vector LoRaNetworkTest.loRaNodes[0].SimpleLoRaApp($0=""avg"", #0 - General-0-20210614-19:37:04-10600)";GW[0] Received RSSI (position=240,240);GW[1] Received RSSI (position=200,140);"SF Vector LoRaNetworkTest.loRaNodes[0].SimpleLoRaApp($0=""avg"", #0 - General-0-20210614-19:37:04-10600)";"TP Vector LoRaNetworkTest.loRaNodes[0].SimpleLoRaApp($0=""avg"", #0 - General-0-20210614-19:37:04-10600)";"X Vector LoRaNetworkTest.loRaNodes[0].SimpleLoRaApp($0=""avg"", #0 - General-0-20210614-19:37:04-10600)";"Y Vector LoRaNetworkTest.loRaNodes[0].SimpleLoRaApp($0=""avg"", #0 - General-0-20210614-19:37:04-10600)";"Z Vector LoRaNetworkTest.loRaNodes[0].SimpleLoRaApp($0=""avg"", #0 - General-0-20210614-19:37:04-10600)"
86417.28236762122;0;none;none;10;2;125.52728319104;81.246757175664;1.5691331597193
86566.87474120051;1;none;none;10;2;159.71880923735;298.46499158488;1.5347481354146
86972.83012340404;2;none;none;10;2;327.01026787996;397.80122406296;1.4372797644129
87062.71114319822;3;none;none;10;2;391.41144468598;318.25265886712;1.2769355424064
87136.27993237209;4;none;none;10;2;444.12464942978;253.14111879584;1.1456917014813
87196.63083187102;5;none;none;10;2;393.93608902048;262.85071844854;1.2392226113586
87272.55255299036;6;-132.45939402059;none;10;2;309.47154622731;289.47420757684;1.402810791743
87335.08686014457;7;-130.93678173973;none;10;2;239.90078854696;311.40312886736;1.5375531733452
87476.45983238524;8;none;none;10;2;82.620325359713;360.97842476416;1.8421688609694
87539.61265532322;9;none;none;10;2;62.99528501762;274.12255996223;1.695360797785
87678.27194254355;10;-131.47191219;-132.82166720999;10;2;166.04349471345;222.24636183137;1.5963765043412
87826.13367742941;11;none;none;10;2;332.05500308026;244.19362281495;1.6315233766814
88012.68962922656;12;-132.87210554952;none;10;2;158.66751567789;277.31290771898;1.5151228771426
88069.66674034422;13;none;none;10;2;58.133862839608;275.18858038484;1.4219430250332
88304.30734313299;14;none;-132.00319270808;10;2;119.01931156364;140.13289500793;1.8364356877619
88658.88833142416;15;none;none;10;2;272.93229209661;404.65539055911;1.8721346903435
88783.44016852259;16;-131.65014216515;none;10;2;167.53834295501;267.9122512373;1.5573940983497
88863.95207943248;17;none;none;10;2;99.410337448153;179.51972562632;1.3539417278936
88919.49485574227;18;none;none;10;2;81.548371840141;140.99317763879;1.2691948140426
89139.74194252714;19;-125.65912556278;none;10;2;273.95666184634;225.96511738283;1.5420045872727
89256.92842033567;20;none;none;10;2;133.20529032722;230.93587200492;1.6719858685613
89375.44073898494;21;none;none;10;2;98.875520033756;270.39078754898;1.7112772116322
89432.4151625147;22;none;none;10;2;167.6282071591;316.53293072602;1.6574231293583
89504.61802436141;23;none;none;10;2;254.75749188996;375.00820055272;1.589174630797
89706.57396536226;24;none;none;10;2;420.69255823373;241.84008639342;1.7802323809635
89922.97109214056;25;none;none;10;2;411.90925646345;234.38660807346;1.3309974625014
89990.42689514812;26;none;none;10;2;347.74025409767;126.93939494141;1.3347181494036
90246.29368435445;27;-131.48670658715;none;10;2;284.85791997665;301.53194563654;1.4224135152888
90367.18428828873;28;none;none;10;2;327.70720743759;401.05086418706;1.3916249661437
90449.21749506476;29;none;none;10;2;208.0718533382;384.20847757652;1.4912854016486
91437.51585807349;30;none;none;10;2;273.10207400674;363.21012956201;1.7913835302512
91501.46588343662;31;none;none;10;2;293.59189800887;372.42489854145;1.8193268501139
91685.07288346357;32;none;none;10;2;234.44121328119;409.93719144091;1.9237873158943
91952.35274348618;33;none;none;10;2;426.24619468068;311.92334887673;1.7235624410547
92044.86370438966;34;none;none;10;2;352.02312790349;246.4886974185;1.4900103596087
92163.95552896389;35;-131.85794826778;-129.59164306001;10;2;256.4737966495;162.25292733857;1.1893525430552
92255.68257674368;36;none;-125.32689525898;10;2;177.12689032277;113.30742800996;1.6926983849369
92342.06463153928;37;none;none;10;2;161.81977720268;52.75200826345;1.7892808785688
92495.26856997747;38;none;none;10;2;366.89282886799;153.33862331038;1.1149258727975
92650.02802523447;39;none;none;10;2;374.05931722251;327.07751701605;1.3210010774222
93001.39613942113;40;-122.13351169477;none;10;2;221.82728649296;229.7180434858;1.5982094627045
93106.95980494245;41;none;-132.76945855062;10;2;193.01381653198;51.868009589303;1.4187689063692
93242.54468821957;42;none;none;10;2;86.282306989752;134.05594891218;1.6835231872712
93338.60156490028;43;none;none;10;2;39.087860003716;225.17700345699;1.7941365457861
93679.12389789709;44;none;-132.90277777444;10;2;110.51139902193;148.21195675657;1.8296814366237
93737.9114347295;45;none;none;10;2;48.245217045006;213.62827792902;1.4735402769593
93928.89403352021;46;-126.63525633101;none;10;2;240.22722217882;281.98409685129;1.6724109117285
93990.25322080014;47;-130.88739653316;none;10;2;309.25869240075;255.5206142669;1.4939598542833
94153.67446358393;48;-132.2993862795;none;10;2;170.93121285682;287.198732541;1.1210515091645
94262.8851812882;49;-125.30742942735;-132.6800923178;10;2;207.70448502193;227.10495698504;1.1640755641356
94465.14381240004;50;none;none;10;2;15.876970980709;348.51649076996;1.6081054028663
94522.22548164305;51;none;none;10;2;13.727700828072;239.99115999355;1.3636239553226
94680.42287603651;52;none;-127.69346710253;10;2;175.86728289386;98.609976096627;1.1014976376564
94869.91699915503;53;none;none;10;2;375.88069378143;118.13305639254;1.1647997488498
94942.5837069693;54;-130.20301338409;none;10;2;281.27152620843;189.33058632823;1.213308704216
95112.68903766103;55;none;-125.77973661511;10;2;233.92151110116;124.8807265769;1.0995811874951
95166.36618650823;56;none;-132.47234246306;10;2;266.99605891741;87.133295144163;1.0694941179122
95310.14163498674;57;none;none;10;2;332.59845117614;338.78356744562;1.5192316266711
95508.46689416559;58;none;none;10;2;404.39149348057;113.50777825948;1.6338246315709
95694.90820232259;59;none;none;10;2;330.63815152222;187.6656876186;1.5861345913255
95845.67951967998;60;-130.49962210686;none;10;2;210.21761799413;300.93352906305;1.6258229664034
95924.42883774438;61;none;none;10;2;136.20224170479;228.13418951582;1.4203542335915
96016.89833230164;62;none;none;10;2;46.365401041114;107.92345479872;1.1195590854431
96163.10200497006;63;none;-129.47618996442;10;2;176.66543350771;84.857050032535;1.2607848173128
96475.79968661544;64;none;none;10;2;451.11309289634;91.024476446839;1.6364040233094
96721.84375617063;65;none;none;10;2;360.68087126354;322.57700356978;1.8314607268804
96777.68365781439;66;none;none;10;2;340.15720503362;375.12803787548;1.8757290043563
96845.60287904093;67;none;none;10;2;315.19384754165;439.04694209317;1.9295734210314
96897.78727833298;68;none;none;10;2;299.85519130551;427.64531584107;1.7371005179863
96967.58440611088;69;-132.48964994085;none;10;2;287.71661879838;311.0002196298;1.2075498977863
97146.84771967523;70;none;-131.60639243099;10;2;272.01612812173;112.12401357356;1.4226247919506
97205.90184431299;71;-128.88343691063;-128.64055361312;10;2;209.65270465418;193.23520717657;1.4430009425238
97338.1663855633;72;-126.82521702631;none;10;2;237.26022921099;282.87907268152;1.4894409647155
97501.02811478089;73;none;none;10;2;445.88796831251;287.13603160742;1.7852963233861
97595.2436136103;74;none;none;10;2;441.20947346045;162.20752257554;1.3521589602939
97706.56652730648;75;-129.45795317782;none;10;2;298.19300516134;226.49058264726;1.2486520987019
97767.1403821676;76;-124.10997156719;none;10;2;220.37381676727;261.46876118686;1.1923311724609
97942.20131624321;77;none;none;10;2;15.254910913338;360.25943346171;1.0493423119628
98001.55143579094;78;none;none;10;2;121.22922550573;373.36546871649;1.1763730447805
98069.32347070822;79;none;none;10;2;242.24153354522;388.33127983335;1.3214297241216
98183.53604829614;80;none;none;10;2;446.17708952965;413.55235907992;1.565885970184
98369.38606549392;81;none;none;10;2;115.05855274016;460.25396331009;1.5931342245806
98524.98253086653;82;none;none;10;2;122.54752054881;345.68393310346;1.7048563925009
98684.55471726639;83;-129.96960863304;-127.07401538801;10;2;221.43341818873;179.03617845056;1.8479513778991
98802.96785891463;84;none;none;10;2;294.81331018887;55.372496061515;1.9541373439964
99150.16682120135;85;none;none;10;2;273.95828171612;406.91146419905;1.4863344631132
99281.54022731116;86;-124.89917108608;none;10;2;271.7482446336;249.20724408609;1.664909093048
99531.08380136495;87;-127.30977824925;none;10;2;278.8126073799;264.36918067614;1.6598175922059
99915.66268082037;88;none;none;10;2;423.0820235852;84.819621140186;1.3596684446784
100093.6281783877;89;-131.4625227329;none;10;2;314.9582571442;252.3146887519;1.5516579201706
100440.33387794657;90;none;none;10;2;138.68707661982;300.88219344591;1.7697933405253
100719.96448980742;91;none;none;10;2;235.44322919895;333.29307868555;1.2289474024534
101133.98198921649;92;none;none;10;2;212.92591068527;337.06443077248;1.7438671767552
101237.95669610006;93;-128.93344026671;none;10;2;276.68799623478;197.36898335966;1.9089617619827
101287.56764210817;94;-132.91762594778;-131.83485387827;10;2;277.33732715024;158.07672705651;1.8895978492451
101848.52311015899;95;none;none;10;2;130.65379438573;15.036427561841;1.2283365351201
101981.06042185484;96;none;-132.09611694527;10;2;237.64361718066;67.376209451057;1.5684289453505
102054.1869711739;97;none;-120.0507446287;10;2;188.46057110031;143.60320821129;1.4988193828059
102163.14498256376;98;none;none;10;2;108.78245116071;284.99106703808;1.3555277532893
102299.58792161106;99;none;none;10;2;141.40777906969;358.81803513189;1.2674370277606
102419.98145732778;100;-118.65860687012;none;10;2;236.73433689494;241.93147974562;1.4397350769716
102476.59407821207;101;-132.95063607894;none;10;2;326.96829758021;215.44474534361;1.8643416717246
102550.39047557636;102;-132.71838609489;none;10;2;299.39054042279;175.1003220738;1.8245403410927
102604.90791654621;103;none;-128.3096726035;10;2;251.8387772128;144.20665842428;1.6840853180132
102868.30668797262;104;none;none;10;2;47.464605819312;12.367594837394;1.0463194497245
102919.78014007106;105;none;none;10;2;114.50671672286;60.070240758469;1.0938874185017
103161.67332162405;106;none;none;10;2;350.1642867238;324.96643972791;1.1881589838323
103241.8379760965;107;none;none;10;2;350.47481561156;452.65159010229;1.0927556575562
103448.76710010897;108;none;none;10;2;130.9888323261;320.11312780384;1.5237648502851
103725.69618109569;109;none;none;10;2;309.82138143973;355.83336176879;1.274447328237
103909.12453499732;110;none;none;10;2;424.13729196101;360.08545820139;1.3609475353741
104040.3096918608;111;-130.96930747637;-132.68703152445;10;2;278.18554376535;179.4014697002;1.3379503959371
104129.60928280479;112;none;-132.55600178186;10;2;178.83412533469;56.407324256766;1.3222959179939
104195.24588063685;113;none;-132.12594948699;10;2;167.792449864;64.56659840194;1.2904136900169
104271.85006760983;114;-126.46707182249;-130.6019899851;10;2;233.84107518034;199.60742353559;1.2272554028678
104347.00193565207;115;none;none;10;2;298.63750172419;332.08804465803;1.1652945173189
104413.37957957902;116;none;none;10;2;355.86873550336;449.10112397554;1.1105677659352
104473.63799971586;117;none;none;10;2;295.57297938897;426.16243028042;1.1599210686354
104593.76604673707;118;none;none;10;2;166.71916919318;370.47815858557;1.2659419948449
104677.48439684047;119;none;none;10;2;76.919753805819;331.67127319452;1.3398289616174
104727.60623785998;120;none;none;10;2;73.048526645403;356.62135044899;1.4906661587272
104959.72307117244;121;none;none;10;2;69.533645276374;356.71224091861;1.480053471721
105069.3559382414;122;-131.70988619888;none;10;2;196.969956043;305.23298475033;1.3504464248142
105184.06150504423;123;none;none;10;2;361.66758979221;292.18391956789;1.5298709642063
105265.98003952953;124;none;none;10;2;436.09625058621;321.56561074643;1.6348923570938
105655.51821251664;125;-120.49197939932;none;10;2;232.34740282948;228.06997713183;1.6241617032029
105844.92653821283;126;none;none;10;2;118.96961002857;88.74962392958;1.5821940255229
105901.92071858895;127;none;none;10;2;98.298631553807;179.65307760967;1.6351479170118
106019.46277823533;128;none;none;10;2;55.667798567077;367.12799353991;1.7443574789499
106235.59664989289;129;-129.40684232708;none;10;2;278.05281105695;285.65714925227;1.4571712498968
106414.32670489233;130;none;none;10;2;366.46997547085;37.196874150045;1.7497809998936
106684.4576595575;131;-129.21376111366;-129.09763263136;10;2;239.00792372177;181.92543416759;1.5454943045611
106756.16201437518;132;-131.87408710706;none;10;2;160.59882440484;246.54003293419;1.3884402296543
106858.74950202768;133;-129.1870126889;-128.07874268023;10;2;223.29698125568;184.66423405637;1.2586229938879
106911.56728425806;134;none;-131.17651344081;10;2;273.30977475495;137.15939067599;1.20140646185
106994.21270384991;135;-122.87235145397;none;10;2;219.5584358056;252.31743977156;1.4884857109957
107301.9410062021;136;none;none;10;2;142.01160709236;375.24953210961;1.324015560543
107406.71467183196;137;-130.91374391862;none;10;2;259.67372258754;308.37162354657;1.2951550942913
107536.04045204099;138;-128.17075146256;none;10;2;286.90722531491;219.49876616356;1.8962213575907
107599.77711706096;139;none;none;10;2;347.25710415864;298.7612941272;1.7172346394128
107698.29121921056;140;none;none;10;2;425.28912825251;419.40701650278;1.3782495914965
107761.26703970018;141;none;none;10;2;404.86458911911;439.3062593339;1.658531054785
107829.77998671138;142;none;none;10;2;378.56062570504;356.29963896965;1.7233895687384
107903.16436222902;143;none;none;10;2;364.99303355868;261.68944990419;1.6429253975554
107957.42841561071;144;none;none;10;2;354.96048181591;191.72997537456;1.5834261914971
108154.31370809664;145;none;none;10;2;267.82766095524;24.2238461764;1.4824467640939
108394.82120787485;146;none;none;10;2;281.38354259505;327.98004303712;1.6920790879577
108691.47782327103;147;none;-125.26883489834;10;2;189.78671927088;106.83127580711;1.3911002970942
108764.01476032724;148;-130.91808826942;-125.75627288273;10;2;218.82193966593;172.02460661966;1.3546574036369
108962.2082344349;149;none;none;10;2;317.97964559712;412.36335705483;1.3680666852589
109077.04528754473;150;-127.90085735738;none;10;2;196.9097506336;263.9059745392;1.3170644552082
109140.42129139759;151;none;-132.07546995591;10;2;130.09398061959;181.97566205288;1.2889174639657
109297.21046555908;152;none;none;10;2;257.05918926549;15.498382124673;1.1925065735991
109379.09240807772;153;none;-124.12405817839;10;2;179.29107166743;119.02843257057;1.6995986283575
109495.07129432061;154;-124.13575782954;none;10;2;253.145703645;266.45223267162;1.7198852686141
109823.51971164462;155;none;none;10;2;339.67762675135;224.48792444922;1.950353912068
110080.76487329044;156;-132.23280360396;none;10;2;305.25478696341;188.46854647599;1.7426477751518
110139.5183831634;157;-119.06471702595;none;10;2;235.09288482502;234.37831270594;1.6435642900026
110256.11408562617;158;none;none;10;2;95.857351771117;325.48574535223;1.4469341894622
110404.57033373581;159;none;none;10;2;132.649691379;325.87137698405;1.4560258686939
110499.42503885761;160;-126.64351908995;none;10;2;237.97014957886;281.93258675321;1.5609889761295
110603.39493354813;161;none;none;10;2;353.41151786666;233.77143979415;1.6760386535541
110690.24057573096;162;none;none;10;2;449.83923661411;193.54262405503;1.7721391944713
110762.71453039793;163;none;none;10;2;424.03733336752;248.38035446107;1.6992626731881
111118.1243006651;164;none;none;10;2;430.53478368327;121.22411705806;1.2917106153555
111246.02788576272;165;-125.75800113373;-131.00616439773;10;2;234.48764814677;203.18158225573;1.5021929513526
111361.36188999714;166;none;none;10;2;51.121101082045;119.8837047774;1.223362790499
111436.11580172908;167;none;none;10;2;48.309017289547;169.88501368127;1.6171909023399
111558.65989623805;168;none;-130.04296201296;10;2;144.39186855986;171.92061048205;1.2515535374147
111819.33794746417;169;-127.47639235158;none;10;2;282.66945477223;221.11040684113;1.2729702175847
111874.68092699918;170;-131.10638908735;none;10;2;301.43171871405;279.03932349496;1.3053443096335
111957.46858997281;171;none;none;10;2;329.49822320816;365.69529447193;1.3537727723606
112120.35378649259;172;-123.69426444555;none;10;2;264.12164066649;252.81831272101;1.3409535160341
112208.05102104412;173;-130.71378229591;-126.15504107485;10;2;220.89813374547;173.18921162021;1.3268582708794
112324.67694513296;174;none;-127.33082935406;10;2;220.50781446;99.011102643142;1.3623850229098
112590.43255584902;175;-132.57866199336;none;10;2;298.70992123245;303.59347459422;1.7584249799396
112676.07136048085;176;none;none;10;2;245.70266361786;376.37768607105;1.7728698170033
112994.72649157964;177;-128.78700731755;none;10;2;220.32213252671;291.59446783469;1.8303815819488
113168.53812412545;178;none;none;10;2;81.320815552664;41.606258936107;1.4221546022603
113377.7997792315;179;none;none;10;2;298.17311850777;86.403658912189;1.8930723524718
113530.8821074495;180;none;none;10;2;107.50310164271;29.788811611968;1.9148094724441
113646.35505154937;181;none;none;10;2;124.83557189898;19.193661760493;1.676679791303
113727.13559194666;182;none;none;10;2;232.04475555621;32.24615048884;1.3985455661432
114057.07262586418;183;none;none;10;2;405.28642553009;303.79607927196;1.5091708095414
114121.05686300005;184;none;none;10;2;463.93831538561;235.19722253575;1.7955505223429
114229.10919307501;185;none;none;10;2;358.15061024007;162.39713781038;1.8482660816219
114299.09058878266;186;none;-131.35824110459;10;2;272.09623158087;118.93316613524;1.8455103934432
114351.37730806701;187;none;-128.62066370942;10;2;207.80055564237;86.458985490796;1.8434514763156
114526.84103389193;188;none;-131.80830150327;10;2;242.04454619905;72.932245632487;1.8040272419615
114633.34077502641;189;none;none;10;2;422.33426162479;35.71535464603;1.7819982112564
114755.31104126867;190;none;none;10;2;346.85151222735;107.25968653793;1.6743042984087
115117.45378903084;191;none;none;10;2;34.512346851753;392.0967615117;1.4638801851648
115301.51519382849;192;-124.12331127281;-132.39893430083;10;2;216.27361356663;223.06634089785;1.1935700993738
115479.41224856994;193;none;none;10;2;398.67256100372;68.148359272437;1.1343050798184
115544.61690126602;194;none;none;10;2;440.55676642831;60.256677399523;1.5278042167448
115601.58718717529;195;none;none;10;2;436.10021100605;122.51777258195;1.5681604566366
115836.34249873784;196;none;none;10;2;388.90333476794;198.53760299209;1.7261847028078
115909.60235095613;197;none;none;10;2;358.799219434;120.2645701195;1.6845571054563
116060.48528112639;198;none;-124.09951824425;10;2;226.78191267546;127.9125631425;1.7332937674903
116121.28328908946;199;none;-124.70284731389;10;2;168.09885641293;144.22694794601;1.7634701473109
116193.26128918045;200;none;none;10;2;98.624721149006;163.54134376608;1.7991955854008
116353.48679192027;201;none;none;10;2;45.616355074616;295.33413099829;1.0905305059491
116451.97994630203;202;none;-131.69696156307;10;2;139.99757909057;189.80368230093;1.1428677921588
116751.93885619863;203;-132.70468844411;none;10;2;325.29150877869;219.40904202713;1.3858280080428
116914.40170111261;204;-123.73806705974;none;10;2;229.50279735525;265.71510398807;1.7372169935678
117026.02984164321;205;none;none;10;2;326.59820706524;328.98246199547;1.6212575509633
117167.80715628602;206;none;none;10;2;311.62048648415;174.8826079077;1.5755746793925
117219.13160347913;207;none;none;10;2;306.19843972741;119.09730936739;1.5590371385633
117347.34108944464;208;none;-130.84096800812;10;2;231.37006178298;76.778397111374;1.4512411433037
117423.58163295421;209;none;-131.10616091958;10;2;127.43596595522;145.72255099999;1.3226585127686
117542.84556407769;210;none;-132.71687495353;10;2;113.09962405213;152.79505719164;1.2526372282711
117601.72840029;211;none;-126.23457682159;10;2;181.62905305522;104.88990167872;1.2849391367571
117729.63059362798;212;none;none;10;2;339.02621018363;20.281903065521;1.8312314670562
117998.442146318;213;none;-125.07321275661;10;2;169.47944543306;125.25504040474;1.6665172785757
118088.83504738024;214;none;none;10;2;75.494978962952;24.1449781271;1.9306549065185
118139.11811860993;215;none;none;10;2;140.05680426204;28.957586374254;1.9328602771876
118188.82140395354;216;none;none;10;2;203.8742033721;33.714703135532;1.9350402189647
118559.3602617614;217;none;none;10;2;458.75046781417;336.97280059307;1.8642749264261
118794.66318845166;218;-124.90721369304;-131.51730643511;10;2;236.79482306137;207.05135335124;1.6817002593183
118984.84194694192;219;none;-130.94804893091;10;2;135.59210423987;171.04549681515;1.5429048624679
119056.59302226433;220;-129.95660294177;none;10;2;176.91745341299;247.53422381905;1.5066211128023
119154.45329864147;221;none;none;10;2;233.28051240954;351.85611628829;1.4571342200369
119271.09266462237;222;-128.34864329207;none;10;2;199.11588885106;272.54926395836;1.6748989007673
119321.20565443359;223;none;-129.98507686926;10;2;160.32102969122;190.01452380338;1.8343160973722
119518.87696741854;224;none;none;10;2;346.09113837175;321.78672263625;1.3126628607715
119658.54098432715;225;none;none;10;2;409.14221797598;332.67069438422;1.4065964596083
119869.21003024081;226;-124.44856383647;none;10;2;268.30292245231;252.36754322362;1.582243045421
120033.11257620697;227;-127.78314935303;none;10;2;196.52568741562;261.46058261066;1.1505806535982
120106.42337314327;228;-132.65277644649;none;10;2;310.74965137254;189.00402950463;1.3699835083733
120161.65826900996;229;none;none;10;2;396.80994560345;134.41275055361;1.5352892251681
120283.21149787715;230;none;none;10;2;370.79741050681;80.992041723896;1.6943091164084
120360.88048363523;231;none;-131.86712573923;10;2;251.02679121605;78.806058715058;1.6978641067716
120749.15923906958;232;none;none;10;2;58.000407807086;306.32339666193;1.95540953008
120916.62418033256;233;-119.61214563127;none;10;2;233.91167261333;248.59720114816;1.7721274043874
121003.89635539937;234;-132.74780382734;none;10;2;325.58553929021;218.51394549582;1.6766123094701
121063.92827075201;235;none;none;10;2;377.10067282953;208.8755993128;1.6240459549151
121230.63506965286;236;none;none;10;2;229.66089471037;340.95672592528;1.7655816693231
121291.16130815057;237;-130.28466860825;none;10;2;179.45607229272;266.64821313865;1.7702552985054
121358.94011555057;238;none;-132.74185262728;10;2;123.23544676473;183.43566761534;1.7754889462599
121571.23510325235;239;none;-126.74613688897;10;2;184.66016294141;100.46021349371;1.2365191083857
121665.00448482256;240;none;-120.27101790183;10;2;205.65700587823;151.12503819885;1.1034937984467
121752.52894516002;241;-128.48844611807;none;10;2;288.48406396293;218.63476220331;1.1318819774469
121856.736774957;242;none;none;10;2;372.0260526603;241.08478169563;1.3623794871106
121936.23335054499;243;none;none;10;2;349.55853637587;119.93660589921;1.7868261828108
122123.2413370486;244;-131.56259388921;-129.05279089258;10;2;251.72179945565;163.99395159121;1.743122388515
122180.82847520517;245;-121.95033316313;none;10;2;258.93648387141;247.16262434549;1.7267286226771
122256.26196579144;246;none;none;10;2;310.32255395586;322.11441555851;1.555891676593
122387.94467411858;247;none;none;10;2;442.27294889861;402.1984374716;1.0864327560632
122606.53155801855;248;none;none;10;2;172.31170771608;312.47644096826;1.2706235277513
122752.95103769937;249;none;none;10;2;147.16508224244;285.69872022724;1.3367338195141
122894.7259300966;250;none;none;10;2;372.74270159847;313.263406594;1.3088113731632
122994.65796074622;251;none;none;10;2;379.16958945388;273.99468405411;1.4055488883341
123093.67056205828;252;-127.66331403452;-131.626496923;10;2;254.91434015212;194.54241295621;1.3936687176921
123291.21501321342;253;none;-129.28006548392;10;2;193.81745786889;81.928668354721;1.062435195676
123363.82971642309;254;none;none;10;2;288.13976185356;59.936239503633;1.0992126119947
123541.9463523887;255;-128.30544410375;-129.3539604105;10;2;233.29236076871;188.65167828307;1.1336319058405
123693.8161038549;256;none;none;10;2;133.26710752291;251.58963332645;1.4580106262348
123808.22368286172;257;none;-118.34371761358;10;2;200.70128330694;139.15469815945;1.7378947648308
123907.1972237064;258;none;none;10;2;147.43677750899;281.94432583855;1.5323784187807
124029.882384987;259;none;-131.56246241856;10;2;123.45381872753;147.34896268293;1.7208702493841
124120.71500857369;260;none;none;10;2;74.07767556754;79.399184806996;1.7240706234354
124196.93262018053;261;none;-131.7915814532;10;2;154.19482882636;75.795610275106;1.2322651624953
124272.60668546365;262;none;none;10;2;109.73263158839;168.46587871135;1.4804854542591
124661.46590718146;263;none;none;10;2;297.86421757653;400.24370341534;1.4558192501851
124718.05862946256;264;none;none;10;2;242.54841109804;416.6557861644;1.3912891137137
124900.32293184276;265;none;none;10;2;64.396583936915;469.51305636262;1.1834613253977
124990.25710512053;266;none;none;10;2;45.740797861197;347.62228500107;1.2652355088821
125434.15847295749;267;-129.34944860481;none;10;2;298.94610752299;236.06355417367;1.6331152226614
125517.749037078;268;none;none;10;2;393.22520889174;231.59846461448;1.4273391030245
125587.76576379136;269;none;none;10;2;420.03589077431;236.93771951051;1.3601973249446
126022.75297277048;270;none;none;10;2;310.22865294312;106.42807917007;1.2616345550449
126189.48342554661;271;-131.66524544984;none;10;2;314.07285008057;263.7725207804;1.5790500837756
126573.0608175984;272;none;none;10;2;229.88139379915;340.77607180306;1.4113093156501
126829.8806196743;273;-128.39285858962;-128.94120128129;10;2;214.65965289642;194.13492820691;1.2595174595613
126916.83966056039;274;none;-128.86440937271;10;2;238.6925645643;100.14223730533;1.2383988504438
127068.32352335024;275;none;none;10;2;79.505101673333;91.63203654575;1.2618627657585
127153.01477418519;276;none;none;10;2;15.118622125167;103.2015136727;1.2946923874168
127630.52029620571;277;none;-132.4630244308;10;2;115.42867916165;128.15085730602;1.7444511996629
127714.48876827658;278;-129.22606878031;-129.78194321673;10;2;195.79468111743;202.12093501754;1.6858187749125
127819.37424406375;279;-131.71808836151;none;10;2;296.18029186344;294.51736195548;1.6125806938228
127979.27504931663;280;none;none;10;2;449.22092855427;435.3782672332;1.5009272160316
128202.87082860488;281;-132.97516772356;none;10;2;182.68223966092;309.99608495427;1.1098775368195
128290.19677020417;282;none;-132.82447746856;10;2;115.0417672561;166.36147161355;1.3315309207404
128354.07730329503;283;none;none;10;2;65.561517096698;61.290109055473;1.4936744495355
128451.97375255052;284;none;none;10;2;174.38339176812;35.116289991452;1.7232272733192
128508.45578462491;285;none;none;10;2;276.36891259346;48.642320906773;1.8516504428618
128656.54505286399;286;none;none;10;2;206.55325274279;34.68728105953;1.7254633360317
128712.93863145482;287;none;none;10;2;160.59591385895;48.541563562378;1.6400017786312
128980.12029887866;288;none;none;10;2;69.57332857108;180.38477421812;1.5889092210472
129048.54196772999;289;-130.51138738294;-131.87005081399;10;2;176.47193768793;216.09800427152;1.4728907848908
129357.63655404084;290;-124.77938013696;none;10;2;268.58632630464;255.23976832969;1.5048060275094
129548.75644366373;291;none;none;10;2;96.040021617638;342.29018939107;1.642516489213
129669.23191922954;292;none;none;10;2;133.17947514776;214.38687365628;1.3028314313491
129860.70778673288;293;none;none;10;2;333.26800010281;268.77494715573;1.07521599426
129940.57326302984;294;none;none;10;2;417.31698946476;302.49619680959;1.0048301662925
130149.65806026319;295;none;-128.92908807307;10;2;255.96119590208;143.12044744536;1.4004380590281
130253.45568521914;296;none;-131.87662249796;10;2;175.85805896288;64.000279559033;1.596832824325
130340.4048371444;297;none;-124.41094628343;10;2;170.65365952062;148.72976509335;1.423596470961
130456.30148407867;298;-126.00184945656;none;10;2;267.22442441833;266.98039998598;1.1610912600762
130547.27264807333;299;-132.40820285684;none;10;2;324.77379463425;242.83954517267;1.5795089475437
130616.89500085298;300;none;none;10;2;352.20572660277;184.71717788819;1.5124025224868
130928.76043658627;301;none;none;10;2;285.49677978357;360.73128033237;1.552586273341
131257.30039549345;302;none;none;10;2;422.44564458602;170.99138356816;1.10335156708
131340.327082178;303;none;none;10;2;315.47702452738;103.70681730375;1.2925843296919
131391.17761159296;304;none;-131.97873400799;10;2;245.32787000562;73.28891518059;1.4090920974108
131516.26330754969;305;-123.56424278127;none;10;2;229.56921318173;264.69992173807;1.4424683526957
131603.61890153785;306;none;none;10;2;245.32793388718;402.91351856578;1.4254895375058
131767.24240661128;307;none;none;10;2;340.08064966211;139.47514372697;1.2392250848529
131934.58267324376;308;none;none;10;2;311.74123205643;318.35551527998;1.2611568284327
132183.02554886043;309;-125.14979616997;none;10;2;273.70496026547;244.04233526862;1.0774098958076
132327.95248605938;310;none;none;10;2;458.10016390351;285.4276456531;1.1939232878148
132453.47078988807;311;none;none;10;2;381.61175187769;169.63461399822;1.3945550713874
132582.31740523082;312;none;none;10;2;303.09513157729;50.771151428109;1.6005069162976
132719.66762674358;313;none;-126.51570757471;10;2;237.34328487205;122.22476001646;1.7429972773027
132779.78767964707;314;-126.50214464739;-130.71575196716;10;2;213.5256378665;208.29892992098;1.7840594255591
133116.33373960228;315;none;none;10;2;238.91237441924;387.97495541286;1.3894023253237
133259.53206633411;316;none;none;10;2;40.904572127934;329.61146238431;1.3187021770788
133351.01452651582;317;none;none;10;2;19.038896068942;166.95321062402;1.232141964679
133534.56532649712;318;-123.97711400998;-131.92943294837;10;2;223.19353946303;216.77854308667;1.4702606171212
133693.28434342065;319;none;none;10;2;372.11303896084;299.01750414219;1.6331044846006
133889.76397592971;320;-130.48873076275;none;10;2;282.48706507518;292.60891637145;1.2182253618827
133958.11900112998;321;none;none;10;2;289.18588759675;157.12006403146;1.3568430658502
134150.85317071223;322;-131.1007031805;-125.34996706459;10;2;216.2562281312;171.19033034998;1.5129032414397
134204.4680317342;323;-129.23218213175;none;10;2;181.96861433446;235.49951770501;1.5205166843051
134366.98060383001;324;none;-127.47583816716;10;2;155.07690983237;126.87007471697;1.6312332740239
134472.58058558314;325;none;-124.09174062994;10;2;197.37995274635;110.77617807343;1.7217727166272
134550.65793867576;326;-125.46033312104;-132.25634874822;10;2;251.09231850045;205.89785191591;1.7809472182399
134688.51254976397;327;none;none;10;2;338.80893320548;377.9461894943;1.9141359819082
134778.99899652931;328;none;none;10;2;309.69223617829;391.20515632347;1.9085083437089
134909.9981206767;329;-131.0354693533;none;10;2;174.63697167797;270.86027362677;1.7037982498479
135455.09094874489;330;-125.55428090098;none;10;2;204.02480241363;240.85452266029;1.1058030666214
135514.30530263062;331;none;none;10;2;232.8276949496;333.74460186996;1.0937709024508
135615.84748636414;332;none;none;10;2;322.70357626722;441.75418435008;1.250239472898
135724.26971105476;333;none;none;10;2;428.23447591307;454.121577562;1.6055591166712
135778.32025510926;334;none;none;10;2;384.8495032319;413.29375026048;1.6344523422653
135914.43382968069;335;none;none;10;2;172.34450630822;309.20947860524;1.7082776123513
135991.19411362805;336;none;none;10;2;34.946094488621;250.29609915327;1.7500918646999
136349.15680126544;337;-132.57495775033;none;10;2;326.41403064942;240.97249777438;1.3185751115512
136484.88662664817;338;none;none;10;2;419.82358204167;372.61639956353;1.2366384337322
136595.13136756608;339;none;none;10;2;335.33293241973;300.26978983715;1.3524734780987
136669.59406984883;340;-122.63331504605;none;10;2;249.47486363306;219.21893928808;1.4634569050786
136906.86752366358;341;none;-131.04519421756;10;2;248.2245008471;86.219214828122;1.1999845715277
137003.13547893131;342;none;-130.95020505452;10;2;256.61800484305;96.323616852206;1.5001888418165
137075.49115259242;343;-132.00268665414;-126.53595981758;10;2;186.52431327943;179.22002484704;1.7468221332113
137357.865689726;344;none;none;10;2;70.361728104445;93.909430664095;1.4075941312363
137434.42668680553;345;none;none;10;2;82.39163245642;169.8629026855;1.4887725581335
137565.78951072917;346;none;-130.93384138377;10;2;147.7423315582;188.67333342012;1.6756590238044
137634.94072928182;347;none;-123.77183795883;10;2;215.07607433438;116.43979745558;1.8091004850948
137740.61932085466;348;none;none;10;2;301.49434885522;37.892017003064;1.9828860366794
138030.77888401924;349;none;none;10;2;246.53997480958;386.75380165243;1.9256268856135
138109.08306188262;350;none;none;10;2;278.82736893683;364.87674179376;1.5702427515057
138203.60938711473;351;none;none;10;2;327.13207038888;266.86923556833;1.4900969618541
138389.01741225128;352;none;none;10;2;421.87900230486;74.633071376019;1.3328955415531
138478.44139362036;353;none;none;10;2;332.07538707887;139.32596445196;1.277200248078
138537.68393742265;354;-126.45570121703;-132.25600688132;10;2;255.35568793484;202.19527278242;1.2428609685108
138623.19221177718;355;none;none;10;2;144.62159952876;292.93827131301;1.1932970512663
138816.43127681048;356;none;none;10;2;87.904347335891;204.50501926519;1.7724236500388
139034.82010915546;357;-124.40677008585;none;10;2;252.7297327177;267.85825735618;1.474736398634
139147.99688108627;358;none;none;10;2;342.39276861771;408.42586371238;1.1791411060666
139314.68603486332;359;none;none;10;2;119.18034655012;340.19826482073;1.5573991079183
139563.45274041748;360;-130.07035816021;none;10;2;279.9607686661;189.45966278309;1.5973850122922
139700.31123577907;361;none;none;10;2;324.99906710325;153.98230246842;1.5811462597406
139761.80917404126;362;-130.46440171614;-130.58990217414;10;2;258.84814631447;175.15092638287;1.6019461115514
139823.647605295;363;-130.08839647991;-129.04960479237;10;2;192.33097056576;196.4367537075;1.6228611250077
139933.79526478715;364;none;none;10;2;73.849452257425;234.35142930044;1.6601153006676
140060.32198154554;365;none;-132.73806427757;10;2;142.99461246029;207.19365923945;1.5559259311772
140224.76339180618;366;none;none;10;2;417.03398152701;94.349462316362;1.7021406903234
140298.70546929411;367;none;none;10;2;302.74937180942;62.67427788476;1.6832497119901
140432.05130755101;368;none;-131.23649130866;10;2;165.57859760256;74.513235570698;1.5852022161147
140552.31729980849;369;-126.79590429939;none;10;2;197.26323932508;240.66648936197;1.352527726052
140630.65121581093;370;none;none;10;2;217.90067819429;348.88856263231;1.2009777856378
140702.37037579352;371;none;none;10;2;236.79542845605;447.97203225332;1.0622251868072
140842.62918880237;372;none;none;10;2;180.88739669018;339.15208562886;1.7293591490658
140940.3399917097;373;-128.80414426729;none;10;2;295.09651544135;244.09761650623;1.5670874190394
141128.16140614001;374;none;none;10;2;290.14717231289;150.18694008323;1.0632614225858
141320.20186866823;375;none;none;10;2;288.79315085756;352.95871400071;1.1789355560093
141490.85430798331;376;none;none;10;2;319.75009722991;390.73815506174;1.6087653140828
141590.64557255323;377;-130.07091112037;none;10;2;237.47412765734;304.33229490227;1.4158543673856
141649.35639954057;378;-128.40873491942;none;10;2;189.10572257871;252.95969550621;1.3005990328969
141777.17148390746;379;none;none;10;2;129.61125018595;220.46719502741;1.1773411974129
141850.48162589492;380;none;none;10;2;168.80103807777;328.83079283038;1.3109669708554
142065.58920118958;381;-125.31240847541;none;10;2;205.69769213034;232.80573955907;1.6317146282325
142193.32055924921;382;none;-127.87195815324;10;2;239.68612183249;110.78286890184;1.8072886777205
142462.16301884768;383;-130.51602409227;none;10;2;259.51353885061;305.06326817402;1.521597193279
142511.83862897146;384;none;none;10;2;261.59078077265;355.50595249805;1.4545466883834
142670.35185956648;385;none;none;10;2;394.27710771146;267.06727487045;1.547298750277
142758.94424169778;386;-131.3317337116;none;10;2;313.64619666634;226.7990612928;1.6072024872873
142822.21343119525;387;-126.01432418157;-131.15665147791;10;2;240.09338627102;201.37040096653;1.6477281156184
142976.18088408467;388;none;none;10;2;61.100436315867;139.4890003682;1.7463484365114
143146.34865962012;389;none;none;10;2;143.11636780342;348.89585580466;1.6413394779806
143293.73814738449;390;none;none;10;2;370.4958700025;255.0614110403;1.5616454048816
143406.20095051339;391;none;none;10;2;455.25008504093;261.57678603502;1.4971049481541
143459.05290761743;392;none;none;10;2;424.6003025753;245.52142127797;1.5033800879381
143519.10029084144;393;none;none;10;2;374.19744443194;162.88680956571;1.5665958038809
143644.11529500243;394;-132.33104501005;none;10;2;322.56023660412;256.08278452165;1.792423569142
143777.07414320502;395;none;none;10;2;433.79523394195;418.76724347698;1.9461278065623
143914.15675387935;396;-129.15973501159;none;10;2;257.63692683296;294.97055344432;1.6363844453991
144144.20112442147;397;none;none;10;2;403.52728716614;405.25484232752;1.0774424812842
144303.25950350454;398;-129.70677063521;none;10;2;279.80547177627;286.98131343461;1.2687008037985
144547.61813587381;399;none;none;10;2;70.043778529346;80.171903982411;1.6558967437738
144650.36975957071;400;none;none;10;2;48.144172609615;200.19052747941;1.5100222345162
144792.69000802441;401;none;none;10;2;31.420826330046;122.65907180885;1.8494203385418
144860.50152650647;402;none;none;10;2;64.660091400422;103.06114808472;1.9605651412572
145055.04499140206;403;-127.85059205087;-132.60190488588;10;2;264.95912558638;197.60397299796;1.9390141555472
145261.05013930517;404;-128.91704780343;none;10;2;275.09094839038;196.26503711474;1.7262281606108
145325.11987148111;405;-131.5969963248;-124.64617110963;10;2;218.54332069367;165.86096521824;1.6038985967079
145454.63515439336;406;none;none;10;2;88.97106298114;65.371297082883;1.825570943406
145584.40889611157;407;none;-129.00015823125;10;2;196.27665561563;83.439857549057;1.8415052382113
145650.44907557636;408;none;-131.6018297701;10;2;269.61067211573;106.47220786736;1.7685946875923
145725.61985892826;409;none;none;10;2;353.08372611604;132.68897211441;1.6856036471519
145800.89132128424;410;none;none;10;2;436.35195761696;159.00924865757;1.6026472833422
145968.19760837331;411;-131.1958221095;none;10;2;295.98265417487;287.81800568366;1.5681557920412
146208.27818159955;412;none;none;10;2;107.98548192176;72.495432309504;1.3327241231187
146368.70034465444;413;none;none;10;2;203.29968510327;19.498619611842;1.2874459980719
146654.29839717891;414;none;none;10;2;394.41917073708;190.04758100462;1.3759723627222
146861.36660296542;415;none;none;10;2;460.68381379284;324.48353982636;1.2722762908059
146957.257609219;416;none;none;10;2;359.81596624582;369.92833078146;1.3280055493415
147053.4528144522;417;none;none;10;2;258.62813148103;415.51728811439;1.383911600094
147118.72477544545;418;none;none;10;2;203.31677244702;424.97486989631;1.4110704267347
147314.68213308035;419;none;-131.41453808076;10;2;125.02072134737;148.51571147309;1.2450716736301
147670.57581018157;420;none;-126.85614154348;10;2;160.92378842167;121.59212305394;1.6152475451582
147773.74986101562;421;none;none;10;2;108.36754979159;46.787915394188;1.5273916242013
147824.03456880494;422;none;-130.1079662834;10;2;160.48876391309;88.718103942301;1.6583747341043
148059.79809792155;423;none;-132.01523032454;10;2;264.37034320195;90.81454894144;1.4679597333144
148242.31992175386;424;none;none;10;2;79.804447137837;33.183051304648;1.9223469645936
148367.23086871248;425;none;-126.65106753695;10;2;214.37313015685;100.41300086759;1.7720395474843
148485.95938033716;426;none;none;10;2;342.28137066866;164.31542129239;1.6291715574959
148555.87788368035;427;none;none;10;2;357.93061799005;220.55031375835;1.5076838168983
149017.64810760488;428;none;none;10;2;50.241227395043;200.77753251119;1.831033835021
149107.98308124369;429;none;none;10;2;37.872780534787;266.10531577088;1.8560672445804
149257.51138127654;430;none;none;10;2;103.70096193674;142.90617818231;1.6665827830205
149307.23293395828;431;none;none;10;2;126.52394974627;82.502915219368;1.5943758201672
149478.74741467861;432;none;-126.94509272613;10;2;243.27377712508;145.17411053118;1.338810438297
149895.75708393647;433;-132.38926630521;none;10;2;157.94201783881;260.45832876131;1.2810975155059
149966.21091708793;434;none;none;10;2;241.92267540076;357.92541401518;1.4282401954558
150046.00061878436;435;none;none;10;2;304.11524133538;431.36348275471;1.5636068953419
150166.38514306888;436;-132.3371658552;none;10;2;186.76032334621;305.13199378186;1.5671931769586
150218.84375816956;437;none;none;10;2;138.48672969275;240.61374404812;1.4988279614338
150281.3821640235;438;none;none;10;2;98.734924815748;154.0194270916;1.2237742920458
150342.14433622668;439;none;none;10;2;126.91330770468;219.92609662206;1.1385510977661
150395.87359304381;440;none;none;10;2;152.85766038033;277.05845165976;1.082217884033
150504.95151082888;441;none;none;10;2;229.7331882394;366.04932050545;1.4160562823998
150598.75225326744;442;none;none;10;2;248.76596020466;395.13425712505;1.5988159157115
150753.47551236909;443;none;none;10;2;79.11706737489;240.50182454953;1.4547541684249
150845.99775311964;444;none;none;10;2;57.656506902469;157.02766517622;1.3985717441787
151096.97642623055;445;-126.25784235365;-130.81314269809;10;2;236.52380447729;200.20058429074;1.7159990139165
151190.54294971261;446;-127.1800119888;-131.13644538012;10;2;204.21713915774;212.90061119329;1.2160210818565
151240.9936962769;447;none;-131.16965890301;10;2;273.30535218274;144.45579756922;1.7365834717087
151316.39579660767;448;-132.22178164531;none;10;2;301.02081830302;183.66434329285;1.7764130527152
151419.54381851408;449;-132.90873424143;none;10;2;303.61587748371;303.45976942923;1.4857648996345
151539.36897151196;450;none;none;10;2;298.21352974175;406.5044098217;1.1791116778824
151702.52132021627;451;-119.34319634069;none;10;2;244.38344411876;233.29525310076;1.1998863142939
151869.84701040021;452;none;none;10;2;351.39073872618;261.17710837187;1.9201538003307
151976.90367461123;453;-125.4650486201;-132.29511780895;10;2;251.66383601486;205.97479180129;1.9484047163892
152174.29600900482;454;none;none;10;2;107.54117791882;134.69527102482;1.9319330425368
152305.27007956509;455;none;-131.43322957727;10;2;274.26863088869;154.70215456867;1.5813427568256
152406.40557624205;456;none;none;10;2;400.53751639579;98.831294375844;1.3733284873496
152999.86419128073;457;none;-127.99968977538;10;2;150.04162484441;140.95917690416;1.5067492066822
153065.88786114351;458;-126.62303323463;none;10;2;198.81495363456;233.09004207069;1.3187438635245
153483.68762322223;459;none;-132.59065661123;10;2;113.96926200576;150.02124453933;1.4842951053452
153809.83688706045;460;none;none;10;2;94.707513838731;263.36858068758;1.7843831153733
154088.08018113414;461;none;none;10;2;235.00104529202;399.00852601275;1.6139508102938
154344.53216333481;462;none;none;10;2;458.22256611216;201.40510732885;1.3550507765062
154415.63030982203;463;none;none;10;2;424.80058670789;203.47473558984;1.2699230044331
154549.04754965394;464;-127.05479694156;none;10;2;281.27230709208;255.56391108164;1.0988585976373
154658.40032213826;465;none;none;10;2;148.81473834432;241.23701428058;1.5120773958316
155146.11895852058;466;none;none;10;2;328.01262703738;311.87014173892;1.3920789664899
155280.64862017956;467;none;none;10;2;309.83605247977;156.54999175393;1.5315985912161
155411.10158074706;468;-132.04205132124;-123.50562128221;10;2;210.86433454429;164.16546487196;1.3571721972102
155545.50225297397;469;none;none;10;2;221.58897460041;340.17062343659;1.1055397456748
155604.93436321354;470;none;none;10;2;156.35056777915;343.55999745103;1.3308041822534
155663.27057654291;471;none;none;10;2;92.315122928678;346.88687318811;1.5519148608882
155913.58382516362;472;none;none;10;2;361.39365106068;338.03043499426;1.8472825870676
156003.52719162454;473;none;none;10;2;377.45756391342;387.13709399414;1.7682412202401
156286.32025288167;474;none;none;10;2;334.22769254752;218.87786153914;1.1872205763839
156507.67436844665;475;-131.19914029781;none;10;2;311.15399905288;258.67779676428;1.2161274093774
156558.53837215216;476;-123.66581075534;none;10;2;264.60100951595;228.63155729233;1.2117245654591
156712.09057177776;477;none;-131.47246141273;10;2;124.06323384402;137.9256390538;1.1984329187343
156877.35479236448;478;-124.40081103919;none;10;2;259.10740545187;263.563468398;1.0449315494183
157039.86940274189;479;none;none;10;2;314.40112253641;310.66119593752;1.6452252087363
157101.96677827031;480;none;none;10;2;355.25324876901;404.6109693114;1.91254469075
157272.49013150703;481;none;none;10;2;119.05462478348;431.37451704885;1.2319417281667
157399.38008936269;482;none;none;10;2;179.99117084143;387.69997655164;1.0525132926443
157768.48283774768;483;none;none;10;2;62.115267806422;189.10755213624;1.5660574211088
157847.68610877356;484;none;-118.43213875536;10;2;199.02404982026;139.37493648737;1.5613255706591
157949.47792520945;485;none;none;10;2;382.0726215553;73.542785359739;1.5563153140453
158026.30410438642;486;none;none;10;2;367.70851919861;98.880876215754;1.6502003553405
158205.69173226532;487;-122.77946174437;none;10;2;217.42042581542;232.72211532554;1.8099350898639
158392.60307747975;488;none;none;10;2;194.75286914709;388.3659939008;1.8354519428784
158465.40584169992;489;none;none;10;2;165.43363930029;415.9342096754;1.9266087876009
158792.07959086722;490;none;none;10;2;364.12030678539;89.951336264237;1.8387934369992
158855.11542628009;491;none;none;10;2;353.51592625395;211.95646491946;1.6455891457001
158909.28379437739;492;none;none;10;2;344.40330032763;316.79871338763;1.4795635651629
158963.70239579793;493;none;none;10;2;335.2485781974;422.12528555192;1.3127710216505
159332.86812613263;494;none;none;10;2;468.66711185559;93.954108582359;1.2059616070871
159464.2590518713;495;none;none;10;2;398.27736836295;254.27312887718;1.3139265153434
159562.12585973548;496;none;none;10;2;275.51610810816;341.11812322923;1.6827052409723
159702.1753468731;497;none;none;10;2;397.55865693617;359.62558731726;1.254689234638
159775.57722632314;498;-132.50652737051;none;10;2;263.63742744921;322.47298068673;1.5809699056915
159935.26491229126;499;none;none;10;2;254.8877353569;425.19218050958;1.3155807323052
160080.4593258578;500;none;none;10;2;431.49930096197;343.05812398954;1.6653137968962
160223.05875007437;501;none;none;10;2;365.03612935662;179.2220661467;1.3304719904797
160536.75031064508;502;none;none;10;2;95.839630511114;413.94948969131;1.6238592863764
160634.42872226434;503;none;none;10;2;217.33869901752;348.43931203811;1.7971838388678
160785.60099702126;504;none;none;10;2;381.1033528858;111.50753621055;1.1910992279679
161036.45093244426;505;none;none;10;2;123.80291370634;299.98874891514;1.3671539799883
161373.10299273206;506;none;none;10;2;402.64421061233;398.07486411133;1.2236246209019
161505.52994701329;507;none;none;10;2;390.60948096059;325.09161018293;1.2762886417075
161669.09026420083;508;-129.20894257001;-130.32620696587;10;2;250.54244213861;182.98936361553;1.3213463363654
161734.09895416231;509;none;-120.64017124205;10;2;194.8713915001;126.50939922822;1.3392549694175
161799.3061848042;510;none;-131.78169558738;10;2;143.03463249262;85.535612387009;1.3787039269107
161882.93395365245;511;none;none;10;2;131.16416416446;246.80858066072;1.7223122059178
161983.18851802576;512;none;-124.8033040295;10;2;231.86529139175;133.87857998659;1.3983259241131
162100.47041572254;513;none;none;10;2;304.0411254906;92.55297668991;1.2397263398034
162190.90715255448;514;-131.143495274;none;10;2;295.66034148419;192.55162300091;1.4371399755311
162332.27156994052;515;none;none;10;2;419.42010228938;221.09213725632;1.8714213967289
162500.28000970146;516;-131.51554818528;none;10;2;200.27832592941;305.34185116647;1.6826082629754
162582.87748870071;517;none;none;10;2;55.940462304003;334.23585670813;1.6431021339003
162635.41698665666;518;none;none;10;2;29.770014998024;346.91714758183;1.6064105380302
162786.25817001381;519;none;none;10;2;198.55837448985;362.15173901075;1.4581039874037
162957.11002799998;520;none;none;10;2;389.73829090127;379.40735974617;1.2901230079252
163013.12884091563;521;none;none;10;2;446.16076144278;376.62250304219;1.2447152160619
163132.9629991434;522;none;none;10;2;403.66283485723;150.62217743397;1.3996052510733
163242.72350978517;523;none;none;10;2;415.36854503425;183.17908488049;1.40113003134
163467.57460766358;524;none;none;10;2;421.59850704339;349.69338799253;1.5544493481201
163605.14998108832;525;none;none;10;2;433.05084973548;444.70035966442;1.7069045022776
163857.28807498607;526;-129.68304995631;none;10;2;215.28544728625;296.28998568104;1.5200021751623
164099.41636360414;527;none;none;10;2;379.08249221718;402.10516582357;1.4556245422557
164230.66986267164;528;-126.63242804044;-130.2574058747;10;2;224.94522292838;200.93382608337;1.439543085194
164300.01683222696;529;none;-131.06277686947;10;2;143.50775576256;94.646200446867;1.4310465474164
164409.59017580491;530;none;none;10;2;89.625586596464;121.21579518211;1.5894831631586
164483.26511883592;531;none;none;10;2;111.31158612114;219.96265481435;1.7299246232418
164548.27789911453;532;-127.95748177229;-131.37115096472;10;2;196.92608241724;215.10956918672;1.6299384590892
164905.39609310238;533;none;none;10;2;313.8455018852;374.18466343341;1.1637083810569
165014.91182953611;534;none;none;10;2;265.06306743077;408.07641488629;1.1676604741588
165138.82063025919;535;none;none;10;2;324.74085464864;173.11600623661;1.6007485776041
165339.93916095023;536;none;none;10;2;232.73027739723;332.00295228188;1.5343488150823
165472.9161662081;537;-127.76120273685;none;10;2;263.25255651625;282.39706002476;1.1701048890102
165523.91636218262;538;-124.72110586904;none;10;2;245.16065717489;271.60323719251;1.3381165022383
165684.55465584086;539;none;none;10;2;329.84974549086;185.74330089217;1.4286400763559
165755.39221134519;540;none;none;10;2;407.14347890509;120.60219650449;1.2958269467518
165897.32242009149;541;none;none;10;2;369.51179421155;15.249555675394;1.8808261215041
166044.74396059235;542;none;none;10;2;304.65059477373;162.88524339495;1.8116741648076
166356.38126994452;543;none;none;10;2;341.8166890922;227.98103566004;1.7468978497257
166466.56349302343;544;none;none;10;2;416.47936863319;215.9369059767;1.7168072527235
166582.07023666888;545;none;none;10;2;430.08105362236;357.21431222947;1.6121570614183
166770.97550230931;546;none;none;10;2;223.36319282962;393.81996213935;1.8860166862925
166860.17609911326;547;none;none;10;2;97.781923249237;396.31625204363;1.8745655423979
167193.01910475748;548;none;none;10;2;277.19420541577;90.011038890858;1.2554723865185
167263.56268096167;549;none;none;10;2;207.56627516411;25.941382124418;1.3997470714349
167418.34920004104;550;none;-131.92437336015;10;2;263.45876898717;91.151633889653;1.146049856392
167557.53689845785;551;-128.7830840878;none;10;2;243.65611687246;294.85292660325;1.1798565230945
167901.28778755876;552;none;none;10;2;152.05974347101;270.23531005128;1.5277902978409
168035.42140660766;553;-125.39310813423;none;10;2;273.64509072392;229.27538205239;1.3715868668651
168257.91073355361;554;none;none;10;2;89.395497813075;91.844689578335;1.9196410361973
168356.68782637848;555;-125.760402422;-131.16757071306;10;2;238.43086933026;202.60447322603;1.8842003381943
168449.06007566824;556;none;none;10;2;378.97360684431;307.0538467767;1.8496435343943
168644.41250771671;557;none;none;10;2;264.58339824592;330.30589031438;1.3474651666208
168800.56081017173;558;-130.52803213292;none;10;2;300.77849201093;270.40219366238;1.2828389034255
169210.83644022797;559;none;none;10;2;136.61135981273;308.725807221;1.4607752753224
169322.03345588271;560;-119.79939922308;none;10;2;231.40573105572;233.45350670722;1.4183168393743
169384.22269906086;561;-130.26318298221;none;10;2;284.42145427849;191.3559074716;1.3945710762116
169471.58627247021;562;none;none;10;2;297.25998477243;104.62544521863;1.5448931748909
169529.86711878844;563;none;none;10;2;250.18634614994;21.861011090017;1.810975143357
169819.69011019541;564;-130.84809549098;none;10;2;170.29635551459;228.63520626398;1.405334371095
169978.54817804556;565;none;none;10;2;259.17490807895;417.78040747103;1.8198959925262
170149.82342564006;566;none;none;10;2;248.32062138804;474.13808715654;1.5247914638741
170282.78953385783;567;none;none;10;2;264.90610471134;335.34802250366;1.2244482245961
170532.13782242771;568;none;none;10;2;353.64619583743;313.04318960501;1.7337691047594
170640.7078054083;569;-123.34351234283;none;10;2;265.41633961666;246.35136060382;1.9382627234249
170770.8646485887;570;none;none;10;2;342.46862185518;136.22206324531;1.8752955177312
170835.63716232176;571;none;none;10;2;402.82856257163;99.46174340048;1.8419515320445
170978.46199317696;572;none;none;10;2;346.66511520574;163.10978172312;1.7362400252467
171175.40947558741;573;-132.24370384181;none;10;2;193.33140986929;308.89975307538;1.5775635343029
171236.86387621723;574;none;none;10;2;145.48601046398;354.39124754708;1.5280510016945
171473.87633890825;575;none;none;10;2;25.589510780951;375.68609170635;1.4342411646516
171537.18369591578;576;none;none;10;2;30.378342483542;293.56676490432;1.4645195431563
171807.93686297697;577;none;none;10;2;106.89403301946;94.108460576268;1.6119929049019
172098.49033386999;578;none;none;10;2;334.97889007392;275.38020476085;1.8170864185115
172224.00588999121;579;none;none;10;2;386.01903169909;331.8879701172;1.8833079492092
172460.60049281511;580;-123.36699150432;none;10;2;214.53141579327;235.25696967767;1.3804227523293
172572.39745155107;581;none;none;10;2;112.12304257989;359.17096130407;1.6019078258726
172798.78414338281;582;none;none;10;2;219.35319611153;439.70006411597;1.5102507861908